Baby|Nappies|Huggies Nappies
Baby|Nappies|Nature Nappies
Baby|Nappies|Pampers Nappies
Baby|Nappies|Tesco Nappies
Baby|Nappies|Bed Wetting
Baby|Nappies|Pull Up Pants
Baby|Nappies|Pyjama Pants
Baby|Nappies|Nappy Sacks
Baby|Nappies|Newborn Nappies
Baby|Nappies|Reusable Nappies
Baby|Nappies|Swimming Nappies
Baby|Nappies|Toilet Training
Baby|Nappies|Cheeky Bots Nappies
Baby|Baby & Toddler Wipes|Fragrance Baby Wipes
Baby|Baby & Toddler Wipes|Fragrance Free Baby Wipes
Baby|Baby & Toddler Wipes|Sensitive Baby Wipes
Baby|Baby & Toddler Wipes|Toddler Wipes
Baby|Baby Toiletries & Bath Time|Baby Bath & Baby Wash
Baby|Baby Toiletries & Bath Time|Baby Moisturising Cream, Lotion & Oil
Baby|Baby Toiletries & Bath Time|Bath Time Accessories
Baby|Baby Toiletries & Bath Time|Baby Shampoo & Conditioner
Baby|Baby Toiletries & Bath Time|Baby Talcum Powder
Baby|Baby Toiletries & Bath Time|Baby Changing
Baby|Baby Toiletries & Bath Time|Cotton Wool & Cotton Buds
Baby|Baby Toiletries & Bath Time|Cuddle Robes
Baby|Baby Toiletries & Bath Time|Baby Grooming
Baby|Baby Milk|Aptamil
Baby|Baby Milk|Cow & Gate
Baby|Baby Milk|Hipp
Baby|Baby Milk|SMA
Baby|Baby Drinks & Smoothies|Baby Drinks & Smoothies
Baby|Baby Food & Drink|Baby Cans
Baby|Baby Food & Drink|Baby Cereals & Porridge
Baby|Baby Food & Drink|Baby Cooking Ingredients
Baby|Baby Food & Drink|Baby Dry Savoury Meals
Baby|Baby Food & Drink|Baby Fruit Pots & Pouches
Baby|Baby Food & Drink|Baby Jars
Baby|Baby Food & Drink|Baby Pots & Trays
Baby|Baby Food & Drink|Baby Pouches
Baby|Baby Food & Drink|Baby Rice
Baby|Baby Food & Drink|Baby & Toddler Drink
Baby|Baby Food & Drink|Baby & Toddler Snacks
Baby|Baby Food & Drink|Rusks
Baby|Baby Food & Drink|Toddler Meals
Baby|Baby & Toddler Healthcare|Baby & Toddler Healthcare
Baby|Baby & Toddler Healthcare|Baby Thermometers
Baby|Baby Feeding|Baby Bibs & Muslin Squares
Baby|Baby Feeding|Bottles & Teats
Baby|Baby Feeding|Bottle Accessories
Baby|Baby Feeding|Breast Feeding
Baby|Baby Weaning|Baby Bowls, Plates & Cutlery
Baby|Baby Weaning|Baby Cups & Beakers
Baby|Baby Weaning|Baby Food Preparation & Storage
Baby|Maternity|Feminine Hygiene
Baby|Maternity|Hospital Essentials
Baby|Maternity|Mum To Be Toiletries
Baby|Maternity|Baby Guides
Baby|Soothers & Teethers|Soothers & Teethers
Baby|Sterilisers & Sterilants|Baby Sterilisers & Sterilants
Baby|Baby Laundry|Baby Laundry
Home & Ents|For The Home|Bathroom
Home & Ents|For The Home|Bedroom
Home & Ents|For The Home|Electrical
Home & Ents|For The Home|Floorcare
Home & Ents|For The Home|Home Accessories
Home & Ents|For The Home|Kitchen
Home & Ents|For The Home|Laundry
Home & Ents|For The Home|Vacuum Cleaner Bags & Accessories
Home & Ents|Cooking & Dining|Cookware
Home & Ents|Cooking & Dining|Disposable Tableware
Home & Ents|Cooking & Dining|Glasses
Home & Ents|Cooking & Dining|Seasonal Cookware
Home & Ents|Cooking & Dining|Tableware
Home & Ents|Cooking & Dining|Water Filters & Cartridges
Home & Ents|CDs, DVDs & Books|Books
Home & Ents|CDs, DVDs & Books|Blu Ray
Home & Ents|CDs, DVDs & Books|CDs
Home & Ents|CDs, DVDs & Books|Games
Home & Ents|CDs, DVDs & Books|DVDs
Home & Ents|Batteries|Batteries
Home & Ents|Audio Visual, Cameras & Computing|Cables, Remotes & Headphones
Home & Ents|Audio Visual, Cameras & Computing|Computing Accessories
Home & Ents|Audio Visual, Cameras & Computing|Ink Cartridges & Refills
Home & Ents|Audio Visual, Cameras & Computing|Printer Paper
Home & Ents|Audio Visual, Cameras & Computing|Tablet Accessories - IPad Cases
Home & Ents|Audio Visual, Cameras & Computing|Tablet Accessories - Kindle Cases
Home & Ents|Audio Visual, Cameras & Computing|TV / DVDs
Home & Ents|Hudl|Hudl Tablets
Home & Ents|Hudl|Hudl Accessories
Home & Ents|Mobile Phone Accessories|Mobile Phone Accessories
Home & Ents|Garden & Outdoor|Barbeques
Home & Ents|Garden & Outdoor|Camping & Hiking
Home & Ents|Garden & Outdoor|Gardening
Home & Ents|Garden & Outdoor|De-Icing Salt
Home & Ents|Postage Stamps|Postage Stamps
Home & Ents|Magazines|TV, Womens & Celeb Weeklies
Home & Ents|Magazines|Womens Monthlies
Home & Ents|Magazines|Lifestyle & Interests
Home & Ents|Magazines|Teens & Kids
Home & Ents|Newspapers|National Papers
Home & Ents|Newspapers|Local Papers
Home & Ents|Tobacconist|Cigarettes
Home & Ents|Tobacconist|Cigars
Home & Ents|Tobacconist|Matches & Lighters
Home & Ents|Tobacconist|Pipe
Home & Ents|Tobacconist|Roll Your Own
Home & Ents|Tobacconist|Tobacconist Accessories
Home & Ents|National Lottery Scratchcards|National Lottery Scratchcards
Home & Ents|Parties & Occasions|Balloons & Banners
Home & Ents|Parties & Occasions|Party Accessories
Home & Ents|Parties & Occasions|Party Bags & Gift Bags
Home & Ents|Parties & Occasions|Wrapping Paper & Gift Tags
Home & Ents|Office, Arts & Crafts|Arts, Crafts & Decorations
Home & Ents|Office, Arts & Crafts|Filing
Home & Ents|Office, Arts & Crafts|Notebooks
Home & Ents|Office, Arts & Crafts|Pens, Pencils & Cases
Home & Ents|Office, Arts & Crafts|Posting, Packing & Envelopes
Home & Ents|Office, Arts & Crafts|Stationery
Home & Ents|Tights & Stockings|Tights & Stockings
Home & Ents|Sport, Fitness & Exercise|Bike
Home & Ents|Sport, Fitness & Exercise|Fitness
Home & Ents|Sport, Fitness & Exercise|Football, Rugby & Cricket
Home & Ents|Sport, Fitness & Exercise|Golf
Home & Ents|Sport, Fitness & Exercise|Sports Bottles
Home & Ents|Sport, Fitness & Exercise|Swimming
Home & Ents|Sport, Fitness & Exercise|Tennis, Squash & Badminton
Home & Ents|Sport, Fitness & Exercise|Sports Equipment & Bags
Home & Ents|Car Care|Air Fresheners
Home & Ents|Car Care|Car Accessories
Home & Ents|Car Care|Car Maintenance
Home & Ents|Car Care|Car Valeting
Home & Ents|Car Care|Oil & Lubricant
Home & Ents|Car Care|Screenwash & De-Icer
Home & Ents|Toys|Toys
Home & Ents|Toys|Construction
Home & Ents|Toys|Games
Home & Ents|Toys|Outdoor
Home & Ents|Toys|Pre-School
Home & Ents|Toys|Soft Toys
Home & Ents|Toys|Vehicles
Home & Ents|DIY|Decorating
Home & Ents|DIY|Fuses & Cables
Home & Ents|DIY|Paints
Home & Ents|DIY|Tools
Home & Ents|Mother's Day|Mother's Day
Drinks|Soft Drinks|Adult Drinks & Mixers
Drinks|Soft Drinks|Cola
Drinks|Soft Drinks|Kids & Multipack Drinks
Drinks|Soft Drinks|Small Bottles & Cans
Drinks|Soft Drinks|Sparkling Drinks
Drinks|Soft Drinks|Sports & Energy
Drinks|Soft Drinks|Squash & Cordials
Drinks|Soft Drinks|Vitamin & Herbal Drinks
Drinks|Bottled Water|Flavoured Water
Drinks|Bottled Water|Sparkling Water
Drinks|Bottled Water|Sports & Individual Bottles
Drinks|Bottled Water|Still Water
Drinks|Bottled Water|Vitamin Water
Drinks|Chilled Fruit Juice & Smoothies|Chilled Apple Juice
Drinks|Chilled Fruit Juice & Smoothies|Chilled Orange Juice
Drinks|Chilled Fruit Juice & Smoothies|Other Chilled Juice
Drinks|Chilled Fruit Juice & Smoothies|Coconut Water
Drinks|Chilled Fruit Juice & Smoothies|Juice Drinks
Drinks|Chilled Fruit Juice & Smoothies|Long Life Juice
Drinks|Chilled Fruit Juice & Smoothies|Multipacks
Drinks|Chilled Fruit Juice & Smoothies|Single Serve
Drinks|Chilled Fruit Juice & Smoothies|Smoothies
Drinks|Milkshake|Milkshake
Drinks|Milkshake|Protein Shakes
Drinks|Tea|Decaffinated Tea
Drinks|Tea|Everyday Tea
Drinks|Tea|Earl Grey Tea
Drinks|Tea|Fruit & Herbal Tea
Drinks|Tea|Green Tea
Drinks|Tea|Instant Tea
Drinks|Tea|Leaf Tea
Drinks|Tea|Mesh Tea
Drinks|Tea|Redbush
Drinks|Tea|Speciality Tea
Drinks|Coffee|Cappuccino & Mixes
Drinks|Coffee|Coffee Pods
Drinks|Coffee|Coffee Whiteners
Drinks|Coffee|Iced Coffee
Drinks|Coffee|Instant Coffee
Drinks|Coffee|Roast & Ground Coffee
Drinks|Hot Chocolate & Malted Drinks|Hot Chocolate
Drinks|Hot Chocolate & Malted Drinks|Malted Drinks
Drinks|Beer & Cider|Beer - Lager
Drinks|Beer & Cider|Beer - Bitter, Ale, Stout
Drinks|Beer & Cider|Cider
Drinks|Wine|Champagne & Sparkling Wine
Drinks|Wine|Dessert Wine
Drinks|Wine|Fine Wine
Drinks|Wine|Red Wine
Drinks|Wine|Rose Wine
Drinks|Wine|White Wine
Drinks|Wine|Small Bottle & Boxed Wine
Drinks|Wine|Wine Gifts
Drinks|Wine|Mulled Wine
Drinks|Spirits|Alcopops & Premix Spirits
Drinks|Spirits|Brandy & Cognac
Drinks|Spirits|Fortified Wine & Vermouth
Drinks|Spirits|Gin
Drinks|Spirits|Liqueurs & Speciality Spirits
Drinks|Spirits|Premix Cocktails & Cocktail Ingredients
Drinks|Spirits|Rum
Drinks|Spirits|Sherry, Port & Montilla
Drinks|Spirits|Spirits Gifts
Drinks|Spirits|Tequila & Sambuca
Drinks|Spirits|Vodka
Drinks|Spirits|Whisky
Frozen Food|Frozen Meat & Poultry|Frozen BBQ Meat
Frozen Food|Frozen Meat & Poultry|Frozen Breaded Poultry
Frozen Food|Frozen Meat & Poultry|Frozen Burgers
Frozen Food|Frozen Meat & Poultry|Frozen Meat
Frozen Food|Frozen Meat & Poultry|Frozen Meat & Poultry Simply Range
Frozen Food|Frozen Meat & Poultry|Frozen Poultry
Frozen Food|Frozen Meat & Poultry|Frozen Sausages
Frozen Food|Ice Cream & Frozen Yoghurt|Frozen Yoghurt
Frozen Food|Ice Cream & Frozen Yoghurt|Ice Cream Bars, Cones & Sticks
Frozen Food|Ice Cream & Frozen Yoghurt|Ice Cream Desserts
Frozen Food|Ice Cream & Frozen Yoghurt|Ice Cream Minis
Frozen Food|Ice Cream & Frozen Yoghurt|Ice Cream Tubs
Frozen Food|Ice Cream & Frozen Yoghurt|Ice Lollies & Kids
Frozen Food|Ice Cream & Frozen Yoghurt|Light & Dietary Needs Ice Cream
Frozen Food|Ice Cream & Frozen Yoghurt|Sorbet
Frozen Food|Frozen Desserts, Fruit & Pastry|Frozen Desserts
Frozen Food|Frozen Desserts, Fruit & Pastry|Frozen Fruit
Frozen Food|Frozen Desserts, Fruit & Pastry|Frozen Pastry
Frozen Food|Frozen World Speciality Food|Frozen Halal Products
Frozen Food|Ice Cubes|Ice Cubes
Frozen Food|Frozen Fish & Seafood|Frozen Fish & Seafood
Frozen Food|Frozen Fish & Seafood|Frozen Fish & Seafood Simply Range
Frozen Food|Frozen Chips, Potatoes & Onion Rings|Frozen Chips
Frozen Food|Frozen Chips, Potatoes & Onion Rings|Frozen Onion Rings
Frozen Food|Frozen Chips, Potatoes & Onion Rings|Frozen Potatoes
Frozen Food|Frozen Ready Meals|Frozen Ready Meals
Frozen Food|Frozen Pies & Quiches|Frozen Pies & Quiches
Frozen Food|Frozen Yorkshire Puddings & Stuffing|Frozen Stuffing
Frozen Food|Frozen Yorkshire Puddings & Stuffing|Frozen Yorkshire Puddings
Frozen Food|Frozen Pizza & Garlic Bread|Frozen Garlic Bread
Frozen Food|Frozen Pizza & Garlic Bread|Frozen Pizza
Frozen Food|Frozen Sausage Rolls & Party Food|Frozen Party Food
Frozen Food|Frozen Rice, Pasta & Vegetables|Frozen Rice & Risotto
Frozen Food|Frozen Rice, Pasta & Vegetables|Frozen Vegetables
Frozen Food|Frozen Free From|Frozen Free From
Frozen Food|Frozen Meat Free & Vegetarian|Frozen Meat Free & Vegetarian
Frozen Food|Frozen Asian World Foods|Asian Ice Cream & Desserts
Frozen Food|Frozen Asian World Foods|Frozen Asian Breaded Poultry
Frozen Food|Frozen Asian World Foods|Frozen Asian Breads & Pizzas
Frozen Food|Frozen Asian World Foods|Frozen Asian Finger Food
Frozen Food|Frozen Asian World Foods|Frozen Asian Vegetables
Frozen Food|Frozen Asian World Foods|Frozen Halal Burgers, Sausages & Kebabs
Frozen Food|Frozen Asian World Foods|Frozen Halal Chicken & Lamb
Household|Laundry|Delicates And Special Wash
Household|Laundry|Fabric Conditioners
Household|Laundry|Fabric Fresheners & Ironing
Household|Laundry|Stain Removers
Household|Laundry|Washing - Liquid & Gel
Household|Laundry|Washing - Capsules
Household|Laundry|Washing - Powder
Household|Laundry|Washing - Tablets
Household|Laundry|Washing Machine Cleaner
Household|Cleaning|All Purpose Cleaners & Wipes
Household|Cleaning|Antibacterial Spray & Wipes
Household|Cleaning|Bathroom Cleaners
Household|Cleaning|Bleach
Household|Cleaning|Carpet & Upholstery Cleaner
Household|Cleaning|Descalers & Limescale Removal
Household|Cleaning|Disinfectants
Household|Cleaning|Drain Unblockers
Household|Cleaning|Floor Cleaner & Wipes
Household|Cleaning|Furniture Polish & Wipes
Household|Cleaning|Kitchen & Oven Cleaner
Household|Cleaning|Metal Polish
Household|Cleaning|Toilet Cleaners
Household|Cleaning|Window Cleaner Spray & Wipes
Household|Cleaning Tools & Gloves|Cloths & Dusters
Household|Cleaning Tools & Gloves|Rubber Gloves
Household|Cleaning Tools & Gloves|Scourers
Household|Dishwashers & Washing Up|Dishwasher Products
Household|Dishwashers & Washing Up|Washing Up Liquid
Household|Toilet Roll, Kitchen Rolls & Tissues|Kitchen Roll
Household|Toilet Roll, Kitchen Rolls & Tissues|Tissues
Household|Toilet Roll, Kitchen Rolls & Tissues|Toilet Roll
Household|Air Fresheners & Home Fragrance|Plug-Ins & Refills
Household|Air Fresheners & Home Fragrance|Autosprays & Refills
Household|Air Fresheners & Home Fragrance|Aerosols
Household|Air Fresheners & Home Fragrance|Gels
Household|Air Fresheners & Home Fragrance|Candles
Household|Air Fresheners & Home Fragrance|Reed Diffusers
Household|Air Fresheners & Home Fragrance|Car
Household|Air Fresheners & Home Fragrance|Fabric Refresher
Household|Food Storage|Cling Film & Food Bags
Household|Food Storage|Food Preparation
Household|Food Storage|Oven Foils
Household|Food Storage|Food Containers
Household|Household Sundries|Bin Liners
Household|Household Sundries|Firelighters & Matches
Household|Household Sundries|Fire Lighters, Matches & Torches
Household|Household Sundries|Insect Killer
Household|Household Sundries|Shoe Care
Household|Eco Friendly|Eco Friendly Household Products
Household|Eco Friendly|Reusable Shopping Bags
Household|Lightbulbs|Halogen
Household|Lightbulbs|Low Energy Sticks & Spirals
Household|Lightbulbs|Spotlights & Specialist
Household|Plugs & Electrical Accessories|Keep It Handy
Household|Plugs & Electrical Accessories|Plugs, Adaptors, Extension Leads
Household|Plugs & Electrical Accessories|Smoke & Co2 Alarms
Household|Plugs & Electrical Accessories|Torches & Lighting
Pets|Cat Food|Advanced Nutrition
Pets|Cat Food|Canned Cat Food
Pets|Cat Food|Complete Dry Cat Food
Pets|Cat Food|Cat Pouches & Trays
Pets|Cat Food|Indoor & Neutered Dry
Pets|Cat Food|Luxury Cat Food
Pets|Cat Litter|Cat Litter
Pets|Kitten Food|Kitten Food
Pets|Senior Cat Food|Senior Cat Food
Pets|Cat Treats & Milk|Cat Milk
Pets|Cat Treats & Milk|Cat Treats
Pets|Pet Toys, Healthcare And Accessories|Cat Healthcare
Pets|Pet Toys, Healthcare And Accessories|Cat Toys & Accessories
Pets|Pet Toys, Healthcare And Accessories|Dog Healthcare
Pets|Pet Toys, Healthcare And Accessories|Dog Toys & Accessories
Pets|Pet Toys, Healthcare And Accessories|Fish, Small Animal & Bird Accessories
Pets|Dog Food|Advanced Nutrition
Pets|Dog Food|Canned Dog Food
Pets|Dog Food|Complete Dry Dog Food
Pets|Dog Food|Dog Pouches & Trays
Pets|Dog Food|Dog Mixer
Pets|Puppy Food|Puppy Food
Pets|Senior Dog Food|Senior Dog Food
Pets|Dog Treats Chews & Biscuits|Dog Biscuits
Pets|Dog Treats Chews & Biscuits|Dog Chews
Pets|Dog Treats Chews & Biscuits|Dog Treats
Pets|Dog Treats Chews & Biscuits|Dog Dental & Joint Chews
Pets|Pet Accessories|Cat Accessories
Pets|Pet Accessories|Dog Accessories
Pets|Small Animal, Fish Food & Bird Food|Domestic Bird Food
Pets|Small Animal, Fish Food & Bird Food|Fish Food
Pets|Small Animal, Fish Food & Bird Food|Small Animal Food
Pets|Small Animal, Fish Food & Bird Food|Wild Bird Food
Fresh Food|Fresh Fruit|Apples, Pears & Rhubarb
Fresh Food|Fresh Fruit|Avocados
Fresh Food|Fresh Fruit|Bananas
Fresh Food|Fresh Fruit|Berries & Cherries
Fresh Food|Fresh Fruit|Citrus Fruit
Fresh Food|Fresh Fruit|Dried Fruit & Nuts
Fresh Food|Fresh Fruit|Grapes
Fresh Food|Fresh Fruit|Kiwi & Mango
Fresh Food|Fresh Fruit|Melons & Pineapples
Fresh Food|Fresh Fruit|Nectarines & Peaches
Fresh Food|Fresh Fruit|Organic Fruit
Fresh Food|Fresh Fruit|Plums & Apricots
Fresh Food|Fresh Fruit|Prepared Fruit
Fresh Food|Fresh Fruit|Tropical & Exotic Fruit
Fresh Food|Fresh Vegetables|Baby Vegetables
Fresh Food|Fresh Vegetables|Broccoli, Cauliflower & Cabbage
Fresh Food|Fresh Vegetables|Carrots & Root Veg
Fresh Food|Fresh Vegetables|Chillies, Garlic & Ginger
Fresh Food|Fresh Vegetables|Courgettes, Aubergines & Asparagus
Fresh Food|Fresh Vegetables|Mushrooms
Fresh Food|Fresh Vegetables|Onions & Shallots
Fresh Food|Fresh Vegetables|Organic Vegetables
Fresh Food|Fresh Vegetables|Peas, Beans & Sweetcorn
Fresh Food|Fresh Vegetables|Potatoes
Fresh Food|Fresh Vegetables|Prepared Vegetables
Fresh Food|Fresh Vegetables|Seasonal Veg
Fresh Food|Fresh Vegetables|Spinach, Greens & Kale
Fresh Food|Fresh Vegetables|Stir Fry
Fresh Food|Fresh Vegetables|World Vegetables
Fresh Food|Salads & Dips|Chilled Dips
Fresh Food|Salads & Dips|Coleslaw & Dressed Salads
Fresh Food|Salads & Dips|Fresh Herbs, Chillies & Spices
Fresh Food|Salads & Dips|Prepared Salad & Salad Bags
Fresh Food|Salads & Dips|Salad Vegetables
Fresh Food|Milk, Butter & Eggs|Butter, Spreads & Margarine
Fresh Food|Milk, Butter & Eggs|Eggs
Fresh Food|Milk, Butter & Eggs|Fresh Cream & Custard
Fresh Food|Milk, Butter & Eggs|Fresh Milk
Fresh Food|Milk, Butter & Eggs|Fresh Pastry & Fresh Baking
Fresh Food|Cheese|Cheddar Cheese
Fresh Food|Cheese|Cheese Spreads & Snacks
Fresh Food|Cheese|Cottage & Soft Cheese
Fresh Food|Cheese|Regional Cheese
Fresh Food|Cheese|Sliced & Grated Cheese
Fresh Food|Cheese|Speciality & Continental Cheese
Fresh Food|Cheese|Cheese Boards & Gifts
Fresh Food|Cheese|Cheese For Entertaining
Fresh Food|Yoghurt|Yoghurts
Fresh Food|Yoghurt|Yoghurt Drinks
Fresh Food|Dairy Alternatives & Cholesterol Reducing|Cholesterol Reducing Dairy
Fresh Food|Dairy Alternatives & Cholesterol Reducing|Dairy Alternatives
Fresh Food|Fresh Meat|Fresh Bacon & Gammon
Fresh Food|Fresh Meat|Fresh Beef
Fresh Food|Fresh Meat|Fresh Lamb
Fresh Food|Fresh Meat|Fresh Meat Ready To Cook Range
Fresh Food|Fresh Meat|Fresh Offal
Fresh Food|Fresh Meat|Fresh Pork
Fresh Food|Fresh Meat|Venison & Veal
Fresh Food|Fresh Meat|Fresh Meat Stocks, Sauces & Stuffing
Fresh Food|Fresh Poultry|Fresh Chicken & Breaded Chicken
Fresh Food|Fresh Poultry|Fresh Duck, Goose & Game
Fresh Food|Fresh Poultry|Fresh Poultry Ready To Cook Range
Fresh Food|Fresh Poultry|Fresh Poultry Stocks & Sauces
Fresh Food|Fresh Poultry|Fresh Turkey
Fresh Food|Sausages, Burgers & BBQ Meat|BBQ Meat & Poultry
Fresh Food|Sausages, Burgers & BBQ Meat|Burgers & Meatballs
Fresh Food|Sausages, Burgers & BBQ Meat|Sausages
Fresh Food|Sausages, Burgers & BBQ Meat|Chilled Fish & Seafood
Fresh Food|Sausages, Burgers & BBQ Meat|Fresh Fish
Fresh Food|Sausages, Burgers & BBQ Meat|Fresh Seafood
Fresh Food|Sausages, Burgers & BBQ Meat|Deli & Cooked Meat
Fresh Food|Sausages, Burgers & BBQ Meat|Continental Meat
Fresh Food|Sausages, Burgers & BBQ Meat|Cooked Chicken
Fresh Food|Sausages, Burgers & BBQ Meat|Cooked Meat Snacks, Frankfurters & Cooked Sausage
Fresh Food|Sausages, Burgers & BBQ Meat|Cooked Sliced Meat
Fresh Food|Sausages, Burgers & BBQ Meat|Fresh Olives & Antipasti
Fresh Food|Sausages, Burgers & BBQ Meat|Make A Meal With
Fresh Food|Sausages, Burgers & BBQ Meat|Pate
Fresh Food|Sausages, Burgers & BBQ Meat|Sandwich Fillers
Fresh Food|Chilled Ready Meals|Caribbean Meals
Fresh Food|Chilled Ready Meals|Chinese Meals
Fresh Food|Chilled Ready Meals|Classic British Meals
Fresh Food|Chilled Ready Meals|Everyday Value Meals
Fresh Food|Chilled Ready Meals|Finest Meals
Fresh Food|Chilled Ready Meals|Fresh Soup & Lunch Pots
Fresh Food|Chilled Ready Meals|Healthy Meals
Fresh Food|Chilled Ready Meals|Indian Meals
Fresh Food|Chilled Ready Meals|Italian Meals
Fresh Food|Chilled Ready Meals|Kids Meals
Fresh Food|Chilled Ready Meals|Mexican & Tex Mex Meals
Fresh Food|Chilled Ready Meals|Microwavable Snacks
Fresh Food|Chilled Ready Meals|Party Food
Fresh Food|Chilled Ready Meals|Potato & Veg Side Dishes
Fresh Food|Chilled Ready Meals|Spanish Tapas
Fresh Food|Chilled Ready Meals|Vegetarian Meals
Fresh Food|Chilled Ready Meals|Meal Deals
Fresh Food|Chilled Ready Meals|Chilled Desserts
Fresh Food|Chilled Ready Meals|Fresh Cream Desserts
Fresh Food|Chilled Ready Meals|Individual Desserts
Fresh Food|Chilled Ready Meals|Indulgent Desserts
Fresh Food|Chilled Ready Meals|Low Fat Desserts
Fresh Food|Chilled Ready Meals|Mousses & Fools
Fresh Food|Chilled Ready Meals|Rice Puddings
Fresh Food|Chilled Ready Meals|Sponges, Pies & Puddings
Fresh Food|Chilled Ready Meals|Tortes & Tarts
Fresh Food|Chilled Ready Meals|Trifles & Cheesecakes
Fresh Food|Fresh Pizza, Pasta & Garlic Bread|Fresh Garlic & Cheese Breads
Fresh Food|Fresh Pizza, Pasta & Garlic Bread|Fresh Pasta
Fresh Food|Fresh Pizza, Pasta & Garlic Bread|Fresh Pasta Sauce & Pesto
Fresh Food|Fresh Pizza, Pasta & Garlic Bread|Fresh Pizza
Fresh Food|Savoury Pastry|Pies, Quiche & Pasties
Fresh Food|Savoury Pastry|Sausage Rolls, Cocktail Sausages & Scotch Eggs
Fresh Food|Food On The Go|Breakfast On The Go
Fresh Food|Food On The Go|Desserts & Snacks On The Go
Fresh Food|Food On The Go|Lunch On The Go
Fresh Food|Chilled Foods Of The World|Jamaican Food
Fresh Food|Chilled Foods Of The World|Polish Food
Fresh Food|Chilled Foods Of The World|Polish Dairy
Fresh Food|Chilled Foods Of The World|Kosher Meat & Dairy
Fresh Food|Chilled Foods Of The World|Halal Meat & Dairy
Fresh Food|Counters|Counter - Butchers
Fresh Food|Counters|Counter - Cheese
Fresh Food|Counters|Counter - Delicatessen Meats
Fresh Food|Counters|Counter - Delicatessen Pies, Savouries
Fresh Food|Counters|Counter - Fishmonger
Fresh Food|Counters|Counter - Prepared Meat & Poultry
Fresh Food|Fresh Flowers|Fresh Flowers
Fresh Food|Chilled Fruit Juice & Smoothies|Chilled Fruit Juice & Smoothies
Health & Beauty|Oral Care|Dental Accessories
Health & Beauty|Oral Care|Denture
Health & Beauty|Oral Care|Electric Toothbrushes
Health & Beauty|Oral Care|Mouthwash
Health & Beauty|Oral Care|Kids
Health & Beauty|Oral Care|Toothbrushes
Health & Beauty|Oral Care|Toothpaste
Health & Beauty|Shower, Bath & Soap|Bar Soap
Health & Beauty|Shower, Bath & Soap|Bath Products
Health & Beauty|Shower, Bath & Soap|Bathroom Accessories
Health & Beauty|Shower, Bath & Soap|Childrens Bath Products
Health & Beauty|Shower, Bath & Soap|Hand Sanitiser
Health & Beauty|Shower, Bath & Soap|Liquid Handwash
Health & Beauty|Shower, Bath & Soap|Luxury Bath Products
Health & Beauty|Shower, Bath & Soap|Shower Gel
Health & Beauty|Shower, Bath & Soap|Talcum Powder
Health & Beauty|Shower, Bath & Soap|Toiletries For Travel
Health & Beauty|Haircare|Conditioner
Health & Beauty|Haircare|Dry Shampoo
Health & Beauty|Haircare|Hair Accessories
Health & Beauty|Haircare|Hair Colourants & Dyes
Health & Beauty|Haircare|Intensive Conditioners & Treatments
Health & Beauty|Haircare|Kids Shampoo & Conditioner
Health & Beauty|Haircare|Mens Haircare
Health & Beauty|Haircare|Medicated & Anti Dandruff Shampoo
Health & Beauty|Haircare|Professional Haircare
Health & Beauty|Haircare|Shampoo
Health & Beauty|Haircare|Styling Products
Health & Beauty|Haircare|2 In 1 Shampoo & Conditioner
Health & Beauty|Mens Toiletries|Mens Bath & Shower Gel
Health & Beauty|Mens Toiletries|Mens Blades & Razors
Health & Beauty|Mens Toiletries|Mens Deodorants & Bodysprays
Health & Beauty|Mens Toiletries|Mens Electric Shavers
Health & Beauty|Mens Toiletries|Mens Haircare
Health & Beauty|Mens Toiletries|Mens Shave Preps
Health & Beauty|Mens Toiletries|Mens Skincare & Aftershave
Health & Beauty|Feminine Care & Incontinence|Bladder Weakness
Health & Beauty|Feminine Care & Incontinence|Feminine Care Accessories
Health & Beauty|Feminine Care & Incontinence|Sanitary Liners
Health & Beauty|Feminine Care & Incontinence|Sanitary Pads And Towels
Health & Beauty|Feminine Care & Incontinence|Tampons
Health & Beauty|Female Deodorants & Body Sprays|Female Bodyspray Fragrances
Health & Beauty|Female Deodorants & Body Sprays|Female Deodorant Roll-Ons
Health & Beauty|Female Deodorants & Body Sprays|Female Deodorant Sprays
Health & Beauty|Female Deodorants & Body Sprays|Female Deodorant Sticks & Creams
Health & Beauty|Facial & Body Skincare|Body Moisturisers & Scrubs
Health & Beauty|Facial & Body Skincare|Cotton Wool
Health & Beauty|Facial & Body Skincare|Clear & Medicated Skincare
Health & Beauty|Facial & Body Skincare|Eye Creams
Health & Beauty|Facial & Body Skincare|Facial Moisturisers & Serums
Health & Beauty|Facial & Body Skincare|Facial Scrubs, Exfoliators & Masks
Health & Beauty|Facial & Body Skincare|Facial Washes, Cleansers & Toners
Health & Beauty|Facial & Body Skincare|Facial Wipes
Health & Beauty|Facial & Body Skincare|Female Blades & Razors
Health & Beauty|Facial & Body Skincare|Hair Removal
Health & Beauty|Facial & Body Skincare|Hand & Foot Care
Health & Beauty|Facial & Body Skincare|Lipcare
Health & Beauty|Facial & Body Skincare|Make Up Remover
Health & Beauty|Facial & Body Skincare|Nail & Beauty Accessories
Health & Beauty|Facial & Body Skincare|Self Tan
Health & Beauty|Facial & Body Skincare|Talcum Powder
Health & Beauty|Make-Up|Along Came Betty
Health & Beauty|Make-Up|Suncare & Travel
Health & Beauty|Make-Up|Suncare
Health & Beauty|Make-Up|Travel
Health & Beauty|World Health & Beauty|World Beauty
Health & Beauty|World Health & Beauty|World Haircare
Health & Beauty|World Health & Beauty|World Oral Care
Health & Beauty|Healthcare|Cough, Cold & Flu
Health & Beauty|Healthcare|Diet & Nutrition
Health & Beauty|Healthcare|Ear Care
Health & Beauty|Healthcare|Eye Care
Health & Beauty|Healthcare|Family Planning
Health & Beauty|Healthcare|First Aid
Health & Beauty|Healthcare|Foot Care
Health & Beauty|Healthcare|Hayfever & Allergy
Health & Beauty|Healthcare|Kids Medicine & Vitamins
Health & Beauty|Healthcare|Lip Care & Oral Care
Health & Beauty|Healthcare|Medicated Skin & Hair Care
Health & Beauty|Healthcare|Pain Relief
Health & Beauty|Healthcare|Slimming
Health & Beauty|Healthcare|Smoking Alternatives
Health & Beauty|Healthcare|Sports Nutrition
Health & Beauty|Healthcare|Stop Smoking
Health & Beauty|Healthcare|Stomach, Bowel & Haemorroids (Piles)
Health & Beauty|Healthcare|Vitamins & Supplements
Health & Beauty|Aromatherapy|Aromatherapy
Health & Beauty|Perfume & Aftershave|Aftershave For Men
Health & Beauty|Perfume & Aftershave|Perfume For Women
Health & Beauty|Hairdryers & Straighteners|Hairdryers & Straighteners
Health & Beauty|Mother's Day Gifts|Mother's Day Gifts
Bakery|Bread|Breads Of The World
Bakery|Bread|Brown Bread
Bakery|Bread|Dietary Bread
Bakery|Bread|Half & Half Bread
Bakery|Bread|Part Baked Bread
Bakery|Bread|Seeded Bread
Bakery|Bread|White Bread
Bakery|Bread Rolls & Bagels|Bagels
Bakery|Bread Rolls & Bagels|Bread Roll
Bakery|Wraps, Pitta & Naan|Naan
Bakery|Wraps, Pitta & Naan|Pitta
Bakery|Wraps, Pitta & Naan|Wraps
Bakery|Croissants, Brioche & Pastries|Croissants
Bakery|Croissants, Brioche & Pastries|Brioche
Bakery|Croissants, Brioche & Pastries|Pain Au Chocolat
Bakery|Croissants, Brioche & Pastries|Pastries & Iced Buns
Bakery|Crumpets, Muffins & Pancakes|Crumpets
Bakery|Crumpets, Muffins & Pancakes|Breakfast Muffins
Bakery|Crumpets, Muffins & Pancakes|Potato Cakes
Bakery|Crumpets, Muffins & Pancakes|Pancakes
Bakery|Crumpets, Muffins & Pancakes|Waffles
Bakery|Tea Cakes, Fruit Loaves & Scones|Tea Cakes
Bakery|Tea Cakes, Fruit Loaves & Scones|Fruit Loaves
Bakery|Tea Cakes, Fruit Loaves & Scones|Scones
Bakery|Tea Cakes, Fruit Loaves & Scones|Hot Cross Buns
Bakery|Sweet Treats|Cookies & Biscuits
Bakery|Sweet Treats|Muffins
Bakery|Sweet Treats|Iced Buns
Bakery|Cakes & Pies|Cake Slices
Bakery|Cakes & Pies|Celebration Cakes
Bakery|Cakes & Pies|Flapjacks & Traybakes
Bakery|Cakes & Pies|Fruit Pies & Tarts
Bakery|Cakes & Pies|Healthier Cakes
Bakery|Cakes & Pies|Large Cakes
Bakery|Cakes & Pies|Seasonal Cakes
Bakery|Cakes & Pies|Small Cakes
Bakery|Specialist Bakery|Bakery Free From
Bakery|Fresh Bakery|Fresh Croissants
Bakery|Fresh Bakery|Fresh Danish Pastries
Bakery|Fresh Bakery|Fresh French Bread & Rolls
Bakery|Fresh Bakery|Fresh Granary & Malted Bread
Bakery|Fresh Bakery|Fresh Organic Bakery
Bakery|Fresh Bakery|Fresh Speciality Bread
Bakery|Fresh Bakery|Fresh Sweet Treats
Bakery|Fresh Bakery|Fresh Tea Cakes & Scones
Bakery|Fresh Bakery|Fresh White Bread
Bakery|Easter Cakes & Treats|Easter Cakes & Treats
Bakery|Mother's Day Bakery|Mother's Day Bakery
Food Cupboard|Tins, Cans & Packets|Baked Beans
Food Cupboard|Tins, Cans & Packets|Packet Snack Meals
Food Cupboard|Tins, Cans & Packets|Pulses, Lentils & Beans
Food Cupboard|Tins, Cans & Packets|Tinned Fish & Seafood
Food Cupboard|Tins, Cans & Packets|Tinned Fruit
Food Cupboard|Tins, Cans & Packets|Tinned Meat
Food Cupboard|Tins, Cans & Packets|Tinned Meat Pies
Food Cupboard|Tins, Cans & Packets|Tinned Ready Meals
Food Cupboard|Tins, Cans & Packets|Tinned Soup
Food Cupboard|Tins, Cans & Packets|Tinned Spaghetti & Pasta
Food Cupboard|Tins, Cans & Packets|Tinned Tomatoes & Puree
Food Cupboard|Tins, Cans & Packets|Tinned Vegetables
Food Cupboard|Tins, Cans & Packets|Wholefood Bread, Dried Fruits, Nuts & Seeds
Food Cupboard|Cooking Ingredients|Breadcrumbs & Stuffing
Food Cupboard|Cooking Ingredients|Gravy & Stock Cubes
Food Cupboard|Cooking Ingredients|Herbs, Spices & Salt
Food Cupboard|Cooking Ingredients|Oils & Fats
Food Cupboard|Cooking Ingredients|Packet Mixes & Pour Over Sauce Mixes
Food Cupboard|Cooking Ingredients|Speciality Ingredients
Food Cupboard|Non Chilled Ready Meals|Non Chilled Ready Meals
Food Cupboard|Dried Pasta, Rice, Noodles & Cous Cous|Cous Cous
Food Cupboard|Dried Pasta, Rice, Noodles & Cous Cous|Dried Pasta
Food Cupboard|Dried Pasta, Rice, Noodles & Cous Cous|Noodles
Food Cupboard|Dried Pasta, Rice, Noodles & Cous Cous|Rice
Food Cupboard|Cooking Sauces & Meal Kits|Indian
Food Cupboard|Cooking Sauces & Meal Kits|Italian
Food Cupboard|Cooking Sauces & Meal Kits|Mexican
Food Cupboard|Cooking Sauces & Meal Kits|Oriental
Food Cupboard|Cooking Sauces & Meal Kits|Traditional Cooking Sauces
Food Cupboard|Condiments & Table Sauces|Barbecue Sauce & Marinades
Food Cupboard|Condiments & Table Sauces|Ketchup
Food Cupboard|Condiments & Table Sauces|Mayonnaise & Salad Cream
Food Cupboard|Condiments & Table Sauces|Salad Dressing
Food Cupboard|Condiments & Table Sauces|Table Sauces
Food Cupboard|Condiments & Table Sauces|Vinegar
Food Cupboard|Pickles, Chutneys & Olives|Antipasti
Food Cupboard|Pickles, Chutneys & Olives|Olives
Food Cupboard|Pickles, Chutneys & Olives|Pickles
Food Cupboard|Pickles, Chutneys & Olives|Relishes & Chutneys
Food Cupboard|Cereals|Childrens Cereals
Food Cupboard|Cereals|Breakfast On The Go
Food Cupboard|Cereals|Family Favourite Cereals
Food Cupboard|Cereals|Healthier Cereal
Food Cupboard|Cereals|Muesli & Granola
Food Cupboard|Cereals|Porridge & Oats
Food Cupboard|Cereals|Cereal Bars & Breakfast Biscuits
Food Cupboard|Home Baking|Baking
Food Cupboard|Home Baking|Baking Mixes
Food Cupboard|Home Baking|Dried Fruit & Nuts
Food Cupboard|Home Baking|Flour & Suet
Food Cupboard|Home Baking|Seasonal Baking
Food Cupboard|Home Baking|Fruit Snacking
Food Cupboard|Sugar & Sweeteners|Baking Sugars
Food Cupboard|Sugar & Sweeteners|Caster Sugar
Food Cupboard|Sugar & Sweeteners|Demerara Sugar
Food Cupboard|Sugar & Sweeteners|Granulated Sugar
Food Cupboard|Sugar & Sweeteners|Icing Sugar
Food Cupboard|Sugar & Sweeteners|Jam & Preserving Sugars
Food Cupboard|Sugar & Sweeteners|Sugar Cubes & Coffee Crystals
Food Cupboard|Sugar & Sweeteners|Sweeteners
Food Cupboard|Biscuits|Cereal Bars & Breakfast Biscuits
Food Cupboard|Biscuits|Lunchbox Biscuits
Food Cupboard|Biscuits|Savoury Biscuits
Food Cupboard|Biscuits|Sweet Biscuits
Food Cupboard|Crisps, Snacks & Nuts|Crisps & Snacks
Food Cupboard|Crisps, Snacks & Nuts|Kids Snacking
Food Cupboard|Crisps, Snacks & Nuts|Nuts
Food Cupboard|Crisps, Snacks & Nuts|Popcorn
Food Cupboard|Chocolate|Block Chocolate
Food Cupboard|Chocolate|Chocolate Boxes & Gifts
Food Cupboard|Chocolate|Chocolate Pouches & Bags
Food Cupboard|Chocolate|Multipack Chocolate
Food Cupboard|Chocolate|Single Chocolate Bars & Bags
Food Cupboard|Sweets, Mints & Chewing Gum|Sweets
Food Cupboard|Sweets, Mints & Chewing Gum|Mints & Chewing Gum
Food Cupboard|Foods Of The World|American Groceries
Food Cupboard|Foods Of The World|Asian Groceries
Food Cupboard|Foods Of The World|Caribbean Groceries
Food Cupboard|Foods Of The World|Cypriot Groceries
Food Cupboard|Foods Of The World|Irish Groceries
Food Cupboard|Foods Of The World|Korean Groceries
Food Cupboard|Foods Of The World|Kosher Groceries
Food Cupboard|Foods Of The World|Latin American Groceries
Food Cupboard|Foods Of The World|Oriental Groceries
Food Cupboard|Foods Of The World|Polish Groceries
Food Cupboard|Foods Of The World|Turkish Groceries
Food Cupboard|Foods Of The World|Greek Groceries
Food Cupboard|Foods Of The World|Speciality Groceries
Food Cupboard|Organic & Free From|Food Cupboard Free From
Food Cupboard|Jams, Sweet & Savoury Spreads|Honey
Food Cupboard|Jams, Sweet & Savoury Spreads|Jam & Marmalade
Food Cupboard|Jams, Sweet & Savoury Spreads|Savoury Spreads & Pastes
Food Cupboard|Jams, Sweet & Savoury Spreads|Sweet Spreads
Food Cupboard|Desserts|Desserts
Food Cupboard|Desserts|Dessert Cases, Bases & Fillings
Food Cupboard|Desserts|Dessert Toppings
Food Cupboard|Desserts|Ice Lollies
Food Cupboard|Mother's Day Gifts|Mother's Day Gifts
Food Cupboard|Mother's Day Gifts|Easter Chocolate & Sweets
Food Cupboard|Easter Eggs|Easter Chocolates & Sweets
